,full_address,ski_resort,latitude,longitude
0,"P.O. Box 166, Chewelah, Washington",49 Degrees North,48.276287,-117.7155208
1,"6600 Peller Avenue South, Hastings, Minnesota",Afton Alps,44.854416,-92.7908387
2,"POB 1068, Snoquale Pass, Washington",Alpental,47.3923346,-121.4000942
3,"10620 Mayfield, Chesterland, Ohio",Alpine Valley Ohio,41.5268143,-81.2598204
4,"P.O. Box 615, East Troy, Wisconsin",Alpine Valley Wisconsin,42.7852922,-88.40509600000001
5,"P.O. Box 8007, Alta, Utah",Alta,40.5888394,-111.6379793
6,"P.O. Box 249, Girdwood, Alaska",Alyeska,60.95432469999999,-149.1598983
7,"4505 Andes Road Southwest, Kensington, Minnesota",Andes Tower Hills,45.8510284,-95.63025150000001
8,"P.O. Box 130, Angel Fire, New Mexico",Angel Fire,36.3930879,-105.2850091
9,"47500 Anthony Lake Highway, North Powder, Oregon",Anthony Lakes,44.9993396,-118.054245
10,"PO Box 106, Blowing Rock, North Carolina",Appalachian Ski Mountain,36.135129,-81.6776059
11,"4519 N. River Road, Freeland, Michigan",Apple Mountain,43.4709726,-84.1070199
12,"PO Box 5808, Dillon, Colorado",Arapahoe Basin,39.6302643,-106.0433518
13,"P.O. Box 40, Flagstaff, Arizona",Arizona Snowbowl,35.1982836,-111.651302
14,"P.O. Box 1248, Aspen, Colorado",Aspen Snowmass,39.1910983,-106.8175387
15,"PO Box 308, Bartlett, New Hampshire",Attitash,44.0738899,-71.2342866
16,"101 Doe Mountain Lane, Mungie, Pennsylvania",Bear Creek Mountain,40.476212,-75.62576419999999
17,"P.O. Box 77, Big Bear Lake, California",Bear Mountain,34.2438963,-116.9114215
18,"P.O. Box 5038, Bear Valley, California",Bear Valley,38.4646337,-120.0399088
19,"PO Box 7, Vail, Colorado",Beaver Creek,39.6433243,-106.3780801
20,"P.O. Box 3455, Logan, Utah",Beaver Mountain,41.7369803,-111.8338359
21,"PO Box 1118, Banner  Elk, North Carolina",Ski Beech Mountain,36.1631817,-81.8715019
22,"P.O. Box 313, Highmount, New York",Belleayre,42.1470192,-74.4943239
23,"P.O. Box 727, Charlemont, Masshusetts",Berkshire East,42.627862,-72.86981829999999
24,"HC1 BOX 1A 353, Lkawaxen, Pennsylvania",Big Bear,41.482034,-74.9860016
25,"P.O.Box 1539, Blakeslee, Pennsylvania",Big Boulder,41.092586,-75.5926886
26,"N11375 Powderhorn Road, Bessemer, Michigan",Big Powderhorn Mountain,46.5097428,-90.0941598
27,"P.O. Box 160001, Big Sky, Montana",Big Sky,45.26178059999999,-111.3080244
28,"P.O. Box 430, Greenville, Maine",Big Squaw,45.45948629999999,-69.59058150000001
29,"600 River Road, Otsego, Michigan",Bittersweet,42.4671003,-85.7584363
30,"PO Box 158, Blandford, Masshusetts",Blandford,42.1806463,-72.9273224
31,"P.O. Box B, Jackson, Masshusetts",Black Mountain,42.4072107,-71.3824374
32,"Box 1090, Lakeside, Montana",Blacktail Mountain,48.019969,-114.2279084
33,"4001 Washington St, Canton, Masshusetts",Blue Hills,42.2154164,-71.1192746
34,"PO Box 247, Claysburg, Pennsylvania",Blue Knob,40.2967427,-78.449737
35,"PO Box 216, Palmerton, Pennsylvania",Blue Mountain,40.8014826,-75.6101867
36,"PO Box 88, Dayton, Washington",Bluewood,46.3237525,-117.9724367
37,"2600 Bogus Basin Rd., Boise, Idaho",Bogus Basin,43.6433908,-116.2058992
38,"4302 Bolton cess Rd, Bolton, Vermont",Bolton Valley,44.5588028,-72.57784149999999
39,"P.O. Box 39, Truckee, CA 96160",Boreal,39.33,-120.18
40,"P.O. Box 175, Peninsula, Ohio",Boston Mills and Brandywine,41.2411668,-81.55261759999999
41,"Dan Fox Dr., Pittsfield, Masshusetts",Bousquet,42.412768,-73.271148
42,"P.O. Box 19, Boyne Falls, Michigan",Boyne Mountain,45.168065,-84.9161574
43,"P.O. Box 99, Bradford, Masshusetts",Bradford,42.768643,-71.0780044
44,"4015 Fish Farm Road, Sodus, New York",Brantling Ski,43.1501003,-77.0657555
45,"P.O. Box 1058, Breckenridge, Colorado",Breckenridge,39.4816537,-106.0383518
46,"Route 302, Bretton Woods, New Hampshire",Bretton Woods,44.2520034,-71.4447546
47,"P.O. Box 190008, Brian Head, Utah",Brian Head,37.6927551,-112.8507766
48,"15795 Bridger Canyon Rd., Bozeman, Montana",Bridger Bowl,45.81630639999999,-110.8834751
49,"12601 Big Cottonwood Canyon Rd, Brighton, Utah",Brighton,40.6223574,-111.593248
50,"5662 Route 64, Canandaigua, New York",Bristol Mountain,42.7445757,-77.40349270000002
51,"PO Box 1130, Manchester Center, Vermont",Bromley Mountain,43.16368749999999,-73.0723268
52,"517 Court St., Neilsville, Wisconsin",Bruce Mound,44.5604982,-90.593704
53,"P.O. Box 1062, McCall, Idaho",Brundage Mountain,44.906183,-116.1171311
54,"P.O. Box 3, Basye, Virginia",Bryce,38.81435,-78.7646228
55,"15400 Buck Hill Road, Burnsville, Minnesota",Buck Hill,44.72447289999999,-93.2836482
56,"621 Lake Julia Drive NW, Bedji, Minnesota",Buena Vista,47.6617279,-94.8910064
57,"P.O. Box 608, Orchard Park, New York",Buffalo Ski Club,42.76755929999999,-78.7439189
58,"P.O. Box 247, East Burke, Vermont",Burke Mountain,44.589071,-71.94045539999999
59,"Caberfae Road, Cadill, Michigan",Caberfae Peaks Ski Golf,44.2462603,-85.719843
60,"PO Box 1207, Camden, Maine",Camden,44.2097928,-69.0647838
61,"PO Box 168, Tannersville, Pennsylvania",Camelback Mountain,41.0398099,-75.3057288
62,"200 Campgaw Rd., Mahwah, New Jersey",Campgaw Mountain,41.0529017,-74.20119059999999
63,"HC 70 Box 330, Davis, West Virginia",Canaan Valley,39.1287189,-79.4647739
64,"Franconia Notch State Park, Franconia, New Hampshire",Cannon Mountain,44.1430035,-71.6896299
65,"P.O. Box 19, Cannonsburg, Michigan",Cannonsburg,43.0539179,-85.4697477
66,"W10441 Cascade Mtn. Rd., Portage, Wisconsin",Cascade Mountain,43.5037775,-89.51731989999999
67,"1080 Ski Lodge Road, Maggie Valley, North Carolina",Cataloochee,35.5634279,-83.0902177
68,"P.O. Box 639 , Hillsdale, New York",Catamount Ski Ride Area,42.1792443,-73.525026
69,"P.O. Box 6328, Galena, Illinois",Chestnut Mountain,42.4166744,-90.4290168
70,"P.O. Box 236, Lakeshore, California",Ski China Peak,37.2530002,-119.1748429
71,"W13755  CTH O, Bruce, WI  54819",Christie Mountain,45.4569087,-91.2732106
72,"S-944 Christmas Mountain Road, Wisconsin Dells, Wisconsin",Christmas Mountain,43.6132067,-89.8663491
73,"Box 127, Wabasha, Minnesota",Coffee ll,44.3754518,-92.0236059
74,"P.O. Box 896, Leadville, Colorado",Ski Cooper,39.2508229,-106.2925238
75,"10755 Cooper Spur Road, Mount Hood, Oregon",Cooper Spur,45.4256246,-121.5908684
76,"P.O. Box 3001, Copper Mountain, Colorado",Copper Mountain,39.501419,-106.1516265
77,"P.O. Box 1640, North Conway, New Hampshire",Cranmore Mountain,44.0536805,-71.1284041
78,"P.O. Box 5700, Mt. Crested Butte, Colorado",Crested Butte Mountain,38.9121756,-106.9624239
79,"615 Francestown Road Route 47, Bennington, New Hampshire",Crotched Mountain,43.0119915,-71.87871919999999
80,"33914 Crystal Mtn Blvd., Crystal Mountain, Washington",Crystal Mountain Washington,46.947726,-121.473802
81,"12500 Crystal Mountain Drive, Thompsonville, Michigan",Crystal Mountain Michigan,44.5193916,-85.9909062
82,"DCAD Dartmouth College, Hanover, New Hampshire",Dartmouth Skiway,43.7044406,-72.2886934
83,"PO Box 622, Lead, South Dakota",Ski Mystic at Deer Mountain,44.3522065,-103.7651984
84,"P.O. Box 1525, Park City, Utah",Deer Valley,40.6460622,-111.4979729
85,"S-6330 Bluff Road, Merrim, Wisconsin",Devils Head,43.4192575,-89.62482430000001
86,"1210 Ski Way, Incline Village, Nevada",Diamond Peak,39.253817,-119.9237734
87,"PO Box 221, Anonda, Montana",Discovery,46.1262998,-112.9478359
88,"P.O. Box 1188, Pinecrest, California",Dodge Ridge,38.1923581,-119.9946131
89,"P.O. Box 66, Norden, California",Donner Ski Ranch,39.3173556,-120.354182
90,"P.O. Box 202, Watertown, New York",Dry Hill,43.9747838,-75.91075649999999
91,"150 S West Village Circle, Beaver, Utah",Eagle Point,38.3203174,-112.3839305
92,"1060 Valley of Lakes, Hazelton, Pennsylvania",Eagle Rock,40.9584181,-75.97464719999999
93,"155 South Seward St., Juneau, Alaska",Eaglecrest,58.29979729999999,-134.4068213
94,"P.O.  Box 1697, Nederland, Colorado",Eldora Mountain,39.9613759,-105.5108312
95,"344 Elk Mountain Road, Union Dale, Pennsylvania",Elk Mountain Ski,41.7235523,-75.55373469999999
96,"491 5th Street, Elko, Nevada",Elko SnoBowl,40.8329761,-115.7638673
97,"12400 James Deane Parkway, Maple Grove, Minnesota",Elm Creek,45.1379829,-93.4378898
98,"P.O. Box 219, Red River, New Mexico",Enchanted Forest,36.7080849,-105.4061159
99,"6005 Forest View Rd., Lisle, Illinois",Four Lakes,41.7767116,-88.0804769
100,"P.O. Box 190, Biwabik, Minnesota",Giants Ridge,47.5329811,-92.3401787
101,"P.O. Box 470, North Creek, New York",Gore Mountain,43.6978427,-73.9859658
102,"P.O. Box 1110, Granby, Colorado",Granby Ranch,40.086097,-105.9394597
103,"PO Box 130, Lake Geneva, Wisconsin",Grand Geneva,42.5916836,-88.4334301
104,"3300 E. Ski Hill Road, Alta, Wyoming",Grand Targhee,43.7877125,-110.9623737
105,"P.O. Box 5010, Wausau, Wisconsin",Granite Peak,44.9591352,-89.6301221
106,"P.O. Box SKI, Marysville, Montana",Great Divide,46.7505198,-112.3012261
107,"2000 NYS Route 392, Cortland, New York",Greek Peak,42.508437,-76.14503599999999
108,"PO Box 1307, Lonia, New Hampshire",Gunstock,43.5278546,-71.4703509
109,"PO Box 2180, Stateline, California",Heavenly Mountain,38.9624079,-119.9399029
110,"17409 Hidden Valley Drive, Eureka, Missouri",Hidden Valley,38.5353656,-90.65073939999999
111,"7015 Abbott Road, Anchorage, Alaska",Hilltop,61.14081299999999,-149.7448328
112,"1800 East K St., Casper, Wyoming",Hogadon,42.8620625,-106.2982337
113,"99 Holiday Mountain Road, Monticello, New York",Holiday Mountain,41.6294773,-74.6140113
114,"P.O. Box 370, Ellicotville, New York",Holiday Valley,42.2750639,-78.67280710000001
115,"P.O. Box 279, Ellicottville, New York",Holimont,42.2750639,-78.67280710000001
116,"Highway 20 PO Box 20, Sisters, Oregon",Hoodoo,44.2913243,-121.5472183
117,"P.O. Box 775088, Steamboat, Colorado",Howelsen Hill,40.4849769,-106.8317158
118,"7532 County Road 36, Naples, New York",Hunt Hollow,42.6430138,-77.4691168
119,"P.O. Box 295, Hunter, New York",Hunter Mountain,42.21369869999999,-74.2187541
120,"8800 Chalet Road, Bloongton, Minnesota",Hyland Ski Snowboard Area,44.8432367,-93.3642613
121,"4850 VT Rte 242, Jay, Vermont",Jay Peak,44.9284367,-72.50147199999999
122,"37 Corey Rd., Hancock, Masshusetts",Jiminy Peak,42.555581,-73.290245
123,"PO Box 1539, Blakeslee, Pennsylvania",Jack Frost,41.092586,-75.5926886
124,"500 Indianhead Road, Wakefield, Michigan",Snowriver Mountain Resort,46.5002784,-89.9708536
125,"P.O. Box 290, Teton Village, Wyoming",Jackson Hole,43.5873149,-110.8269876
126,"P.O. Box 146, June Lake, California",June Mountain,37.7797825,-119.0754232
127,"Box 367, Ririe, Idaho",Kelly Canyon,43.6318575,-111.773575
128,"P.O. Box 38, Keystone, Colorado",Keystone,39.5791675,-105.9347384
129,"4763 Killington Road, Killington, Vermont",Killington,43.651295,-72.841849
130,"1251 Eaton Rd, East Madison, New Hampshire",King Pine,43.8678159,-71.0894039
131,"PO Box 1, Kirkwood, California",Kirkwood,38.7023082,-120.0722442
132,"P.O. Box 73, Glenwood, New York",Kissing Bridge,42.61922759999999,-78.65780409999999
133,"Route 91 PO Box 105, Truxton, New York",Labrador Mt.,42.7120125,-76.0285349
134,"7501 Tule Springs Rd. #110, Las Vegas, NV 89131",Lee Canyon,36.2970463,-115.2789897
135,"78 Country Club Trail, Carroll Valley, Pennsylvania",Liberty,39.7635016,-77.3754187
136,"105 Cedar Creek Rd, Slinger, Wisconsin",Little Switzerland,43.3379068,-88.2788865
137,"P.O. Box 108, Walle, ID 83873",Lookout Pass,47.6160697,-115.9055009
138,"60 Loon Mountain Rd., Lincoln, New Hampshire",Loon Mountain,44.0453868,-71.626778
139,"P.O. Box 311, Conner, Montana",Lost Trail Powder Mountain,45.9307534,-114.1245288
140,"Box 260, Auburn, Maine",Lost Valley,44.0978509,-70.2311655
141,"PO Box 899, Georgetown, Colorado",Loveland,39.70609839999999,-105.6975041
142," P.O. Box 129, Lutsen, Minnesota",Lutsen Mountains,47.6469402,-90.67480259999999
143,"P.O. Box 22, Bellefontaine, Ohio",Mad River Mountain,40.3611643,-83.7596557
144,"P.O. Box 1089, Waitsfield, Vermont",Mad River Glen,44.1926386,-72.7798479
145,"P.O. Box 396, Londonderry, Vermont",Magic Mountain Vermont,43.2264643,-72.8064866
146,"319 Orchard Dr., Twin Falls, Idaho",Magic Mountain Idaho,42.5349221,-114.4744745
147,"P.O. Box 24, Mammoth Lakes, California",Mammoth Mountain,37.648546,-118.972079
148,"2725 Mariaville Road, Schenectady, New York",Maple Ski Ridge,42.8170329,-74.0322614
149,"4501 M-553, Marquette, Michigan",Marquette Mountain,46.5082074,-87.42080969999999
150,"PO Box 1227, Harrisonburg, Virginia",Massanutten,38.4495688,-78.8689155
151,"Box 475 Maverick Mountain Road, Polaris, Montana",Maverick Mountain,45.4308358,-113.122895
152,"Town of Webb, Old Forge, New York",McCauley Mountain Ski Center,43.7100885,-74.9734809
153,"426 Forest Service Road Highway 16, Tensleep, Wyoming",Meadowlark,44.033844,-107.45282
154,"PO Box 27, Cornwall, Connecticut",Mohawk Mountain,41.8437058,-73.3292848
155,"#1 Powder Ple, Monarch, Colorado",Monarch Mountain,38.5526022,-106.2939187
156,"1400 Townsend Drive, Houghton, Michigan",Mont Ripley,47.1196551,-88.5482234
157,"1000 Montage Mountain Rd, 18507 Scranton, Pennsylvania",Sno Mountain,41.348129,-75.66398810000001
158,"P.O. Box 8107, ssoula, Montana",Montana Snowbowl,46.8721284,-113.9940314
159,"13536 South Dixie Highway, Holly, Michigan",Mount Holly,42.8306735,-83.56151849999999
160,"20461 Hwy 66, Mankato, Minnesota",Mount Kato,44.1635775,-93.99939959999999
161,"Rte 17A & Old Mt Peter Rd, Warwick, New York",Mt. Peter,41.242609,-74.29925109999999
162," 23301 Plank Rd ,  Venango, Pa 16440",Mount Pleasant,41.7955256,-80.0973625
163,"39 Mount Snow Road, West Dover, Vermont",Mt. Snow,42.9683842,-72.89520739999999
164,"P.O. Box 347, Southington, Connecticut",Mt. Southington,41.5964869,-72.8776013
165,"P.O. Box 2021 Route 103, Newbury, New Hampshire",Mt. Sunapee,43.3080187,-72.0156327
166,"200 Route 94, Vernon, New Jersey",Mountain Creek,41.1907439,-74.5052204
167,"P.O. Box 3010, Wrightwood, California",Mountain High,34.3608341,-117.6333884
168,"Howe Hill Road, Greenwood, Maine",Mt. Abram Ski,44.3829705,-70.7143399
169,"P.O. Box 220, Ashland, Oregon",Mt. Ashland,42.1945758,-122.7094767
170,"1420 Iowa St., Bellingham, Washington",Mt. Baker,48.7556472,-122.4556487
171,"P.O. Box 459, Mt. Baldy, California",Mt. Baldy,34.2363809,-117.6589752
172,"P.O. Box 1000, Bend, Oregon",Mt. Bhelor,44.0581728,-121.3153096
173,"L La Belle, Michigan, Michigan",Mt. Bohea,47.3754866,-88.01118
174,"4141 Bauer Road, Brighton, Michigan",Mt. Brighton,42.5408278,-83.8114172
175,"P.O. Box 69, Crescent, Iowa",Mt. Crescent,41.364996,-95.85806679999999
176,"3100 Holiday Road, Traverse City, Michigan",Mt. Holiday,44.7435027,-85.514578
177,"P.O. Box 470, Mt. Hood, Oregon",Mt. Hood Meadows,45.373615,-121.695951
178,"PO Box 280, Government Camp, Oregon",Mt. Hood Skibowl,45.3040072,-121.7547998
179,"P. O. Box 35, Lee, Maine",Mt. Jefferson,45.36006150000001,-68.2864076
180,"P.O. Box 9, La Crosse, Wisconsin",Mt. La Crosse,43.8137751,-91.25190169999999
181,"22222 Mt. Rose Hwy., Reno, Nevada",Mt. Rose Ski Tahoe,39.3284344,-119.8853818
182,"PO Box 1180, Mount Shasta, California",Mt. Shasta,41.3098746,-122.3105666
183,"29500 North Mt. Spokane Park Dr., Mead, Washington",Mt. Spokane,47.9213901,-117.0964754
184,"Box 969, Grand Haven, Michigan",Mulligan's Hollow,43.0630734,-86.22838639999999
185,"PO Box 309, Westford, Masshusetts",Nashoba Valley,42.5792583,-71.4378411
186,"RR1 Box 3347, Stockton Springs, Maine",New Hermon Mountain,44.4895196,-68.85697619999999
187,"W5806 Cty Rd W, Wild Rose, Wisconsin",Nordic Mountain,44.1214366,-89.181573
188,"3567 Nordic Valley Way, Eden, Utah",Nordic Valley,41.3074255,-111.8717635
189,"PO Box 129, Truckee, California",Northstar California,39.327962,-120.1832533
190,"P.O. Box 95, Norway, Michigan",Norway Mountain,45.7869023,-87.9037364
191,"500 Nub's Nob Road, Harbor Springs, Michigan",Nubs Nob,45.4714767,-84.9048135
192,"141 Novosel Way, Speculator, NY",Oak Mountain,43.517884,-74.36161799999999
193,"1001 Parkway, Gatlinburg, Tennessee",Ober Gatlinburg Ski,35.708817,-83.5214314
194,"77 Okemo Ridge Road, Ludlow, Vermont",Okemo Mountain,43.4018216,-72.71701279999999
195,"PO Box 2000, Hot Springs, Virginia",Omni Homestead,37.9993993,-79.831587
196,"159 Monterey Road - Route 23, 01253 Otis, Masshusetts",Otis Ridge,42.19598209999999,-73.0961906
197,"P.O. Box 155, Los Alamos, New Mexico",Pajarito Mountain,35.8800364,-106.3031138
198,"PO Box 2007, Olympic Valley, California",Palisades Tahoe,39.1969804,-120.2357055
199,"P.O. Box 67, Paoli, Indiana",Paoli Peaks,38.55616630000001,-86.468321
200,"P.O. Box 39, Park City, Utah",Park City Mountain,40.6460622,-111.4979729
201,"PO Box 2448, Henniker, New Hampshire",Pats Peak,43.1798323,-71.82228719999999
202,"P.O. Box 370, Inkom, Idaho",Pebble Creek,42.7963041,-112.2541374
203,"P.O. Box 360, Findley Lake, New York",Peekn Peak,42.1192226,-79.7325484
204,"19074 Perfect Lane, Lawrenceburg, Indiana",Perfect North Slopes,39.1508879,-84.88582079999999
205,"4763 Killington Road, Killington, Vermont",Pico Mountain,43.651295,-72.841849
206,"7778 Sashabaw Road, Clartkston, Michigan",Pine Knob,42.7472267,-83.3728087
207,"N3332 Pine Mountain Road, Iron Mountain, Michigan",Pine Mountain,45.8392588,-88.0885847
208,"469 Plattekill Mountain Road, Roxbury, New York",Plattekill Mountain,42.2902851,-74.6531936
209,"119 Mountain Road, Bridgton, Maine",Pleasant,44.0590029,-70.8154783
210,"P.O. Box 158, Albion, Idaho",Pomerelle Mountain,42.4126885,-113.578063
211,"P.O. Box 450, Eden, Utah",Powder Mountain,41.3007423,-111.8127212
212,"P.O. Box 339, Kimball, Minnesota",Powder Ridge Minnesota,45.3125517,-94.29720549999999
213,"99 Powder Hill Road, ddlefield, Connecticut",Powder Ridge Connecticut,41.5015999,-72.73640809999999
214,"P.O. Box 370, Mesa, Colorado",Powderhorn,39.1662458,-108.1388881
215,"#1 Skier Ple, Durango, Colorado",Purgatory Mountain,37.6339082,-107.8101988
216,"620 Ragged Mountain Road, Danbury, New Hampshire",Ragged Mountain,43.4847602,-71.8417996
217,"P.O. Box 750, Red Lodge, Montana",Red Lodge Mtn.,45.1857782,-109.2468211
218,"P.O. Box 900, Red River, New Mexico",Red River,36.7080849,-105.4061159
219,"925 Roundtop Rd., Lewisberry, Pennsylvania",Roundtop Mountain,40.10943959999999,-76.9270928
220,"3072 State Highway 10, Caroga Lake, New York",Royal Mountain,43.0824901,-74.5004819
221,"10 Tramway Loop N.E., Albuquerque, New Mexico",Sandia Peak,35.1928664,-106.4877533
222,"P.O. Box 2048, Cashiers, North Carolina",Sapphire Valley,35.111906,-83.0996354
223,"14 The Green, Woodstock, Vermont",Saskadena Six,43.6231245,-72.5189114
224,"One Shanty Creek Road, Bellaire, Michigan",Shanty Creek,44.9637516,-85.1933235
225,"10000 Schweitzer Mountain Road, Sandpoint, Idaho",Schweitzer,48.3674007,-116.6234994
226,"1086 222nd Drive, Boone, Iowa",Seven Oaks,42.0307287,-93.9533731
227,"777 Waterwheel Drive, Seven Springs, Pennsylvania",Seven Springs,40.0230476,-79.2976786
228,"P.O. Box 92, Neihart, Montana",Showdown,46.93329550000001,-110.7357707
229,"1111 Sierra-at-Tahoe Road, Twin Bridges, California",Sierra at Tahoe,38.8002633,-120.0804847
230,"610 Bunker Avenue, Kellogg, Idaho",Silver Mountain,47.54063679999999,-116.132945
231,"P.O. Box 856, Silverton, CO",Silverton Mountain,37.811941,-107.6645057
232,"5224 NM-518, Vadito, New Mexico",Sipapu Ski and Summer,36.1541588,-105.5481243
233,"Box 220, Ruidoso, New Mexico",Ski Apache,33.4404458,-105.5885567
234,"397 Brule Mountain Road, Iron River, Michigan",Ski Brule,46.0619258,-88.6248176
235,"380 State Road - Route 23, Great Barrington, Masshusetts",Ski Butternut,42.182929,-73.32140489999999
236,"PO Box 2108, Santa Fe, New Mexico",Ski Santa Fe,35.6869752,-105.937799
237,"383 Oregon Hill Rd., Morris, Pennsylvania",Ski Sawmill,41.523581,-77.290391
238,"9500 126th St. West, Andalusia, Illinois",Ski Snowstar Winter Sports Park,41.42527030000001,-90.74618919999999
239,"PO Box 208, New Hartford, Connecticut",Ski Sundown,41.87932139999999,-72.97516929999999
240,"1000 Main St, Shrewsbury, Masshusetts",Ski Ward,42.3014714,-71.68286239999999
241,"348 Yellowstone Highway, Cody, Wyoming",Sleeping Giant,44.5166373,-109.0876195
242,"4323 Vermont Route 108 South, Smugglers Notch, Vermont",Smugglers' Notch,44.6445142,-72.8347308
243,"P.O. Box 567, Weston, Missouri",Snow Creek,39.4111092,-94.9016298
244,"PO Box SKI, Jackson, Wyoming",Snow King,43.4799291,-110.7624282
245,"PO Box 100 Route 26, Turin, New York",Snow Ridge,43.665144,-75.4307145
246,"3407 E. Mannsiding Road, Harrison, Michigan",Snow Snake,43.9555075,-84.79409390000001
247,"P.O. Box 77, Big Bear Lake, California",Snow Sumt,34.2438963,-116.9114215
248,"P.O. Box 1456, Mansfield, Ohio",Snow Trails,40.75839,-82.5154471
249,"P.O. Box 2337, Running Springs, California",Snow Valley,34.2077859,-117.1092049
250,"P.O. Box 460, Huntsville, Utah",Snowbasin,41.2607744,-111.7699379
251,"P.O. Box 929000, Snowbird, Utah",Snowbird,40.5829259,-111.6556388
252,"P.O. Box 10, Snowshoe, West Virginia",Snowshoe Mountain,38.4132303,-79.9975177
253,"Po Box 247, Centennial, Wyoming",Snowy Range Ski Recreation Area,41.2983055,-106.1416774
254,"P.O. Box 39, Truckee, California",Soda Springs,39.327962,-120.1832533
255,"P.O. Box 510, Fairfield, Idaho",Soldier Mountain,43.3465675,-114.7917279
256,"12000 Big Cottonwood Canyon, Brighton, Utah",Solitude Mountain,40.6196602,-111.5910103
257,"PO Box 149, Tully, New York",Song Mountain,42.7981229,-76.1093695
258,"9500 Spirit Mountain Ple, Duluth, Minnesota",Spirit Mountain,46.7182519,-92.2167752
259,"79327 Highway 204, Weston, Oregon",Spout Springs,45.7555622,-118.0509253
260,"P.O. Box 276, Spring Mount, Pennsylvania",Spring Mountain,40.2756574,-75.4565657
261,"P.O. Box 1668, Wenatchee, Washington",Mission Ridge,47.4234599,-120.3103494
262,"2305 Mt. Werner Circle, Steamboat Springs, Colorado",Steamboat,40.4570979,-106.8044718
263,"P.O. Box 98, Skykosh, Washington",Stevens Pass,47.7092746,-121.3601014
264,"5781 Mountain Rd., Stowe, Vermont",Stowe Mountain,44.5291336,-72.7773251
265,"RR #1 Box 145, Stratton Mountain, Vermont",Stratton Mountain,43.1138414,-72.905452
266,"P.O. Box 5, Norden, California",Sugar Bowl,39.3173556,-120.354182
267,"P.O. Box 369, Banner Elk, North Carolina",Sugar Mountain,36.1631817,-81.8715019
268,"1840 Sugarbush cess Road, Warren, Vermont",Sugarbush,44.1455491,-72.879474
269,"5092 cess Road, Carrabassett Valley, Maine",Sugarloaf,45.0440869,-70.32660779999999
270,"P.O. Box 1068, Snoquale Pass, Washington",The Summit at Snoqualmie,47.3923346,-121.4000942
271,"P.O. Box 10, Sun Valley, Idaho",Sun Valley,43.6847762,-114.3690043
272,"8355 Prospect Drive, Kewaskum, Wisconsin",Sunburst,43.49342,-88.2261583
273,"RR #3 Box A-1, Sundance, Utah",Sundance,40.3934222,-111.5887709
274,"PO Box 4500, Newry, Maine",Sunday River,44.4884245,-70.78857649999999
275,"16991 Asbury Road, Dubuque, Iowa",Sundown Mountain,42.516338,-90.8216659
276,"10901 County Road 117, Glenwood Springs, Colorado",Sunlight Mountain,39.399887,-107.3387339
277,"P.O. Box 117, Greer, Arizona",Sunrise Park,34.0095187,-109.4585456
278,"P.O. Box 44, Swain, New York",Swain,42.4778443,-77.8533322
279,"Route #1, Jones, Michigan",Swiss Valley,41.9042867,-85.7988714
280,"11509 Northwoods Blvd., Truckee, California",Tahoe Donner,39.3436367,-120.2149387
281,"PMB 3003, Tamark, Idaho",Tamarack,44.9551656,-116.3856896
282,"P.O. Box 90, Taos Ski Valley, New Mexico",Taos Ski Valley,36.5959999,-105.4545
283,"565 Mountain Village Blvd., Telluride, Colorado",Telluride,37.9366359,-107.8454981
284,"P.O. Box 774, Lead, South Dakota",Terry Peak,44.3522065,-103.7651984
285,"PO Box 1354, Choteau, Montana",Teton Pass,47.8124531,-112.1836301
286,"600 Highlands Drive, Harbor Springs, Michigan",Boyne Highlands,45.4707867,-84.93535419999999
287,"1 Wood Ridge Road, Glen Arbor, Michigan",The Homestead,44.9134552,-85.96434500000001
288,"Rt. #22 PO Box 627, Patterson, New York",Thunder Ridge,41.5078495,-73.5868118
289,"07500 23 1/2 Street, Gobles, Michigan",Timber Ridge,42.3914272,-85.7810006
290,"HC 70 Box 488, Davis, West Virginia",Timberline,39.1287189,-79.4647739
291,"Mountain Services Office, Timberline Lodge, Oregon",Timberline Lodge,45.3311281,-121.7110064
292,"215 Johnson Rd., Malone, New York",Titus Mountain,44.7736674,-74.248511
293,"P.O. Box 162, Fabius, New York",Toggenburg Mountain,42.835067,-75.9860322
294,"3962 Wilkinson Road, Gaylord, Michigan",Treetops,45.0312277,-84.5937644
295,"2232 100th Avenue, Dresser, Wisconsin",Trollhaugen,45.3513046,-92.61807089999999
296,"P.O. Box 885, Boalsburg, Pennsylvania",Tussey Mountain,40.7756184,-77.7924992
297,"3487 Bohn Road, Mt. Horeb, Wisconsin",Tyrol Basin,43.0464128,-89.7805584
298,"P.O. Box 7, Vail, Colorado",Vail,39.6433243,-106.3780801
299,"1401 W. Lake St., Bartlett, Illinois",Villa Olivia,42.0128119,-88.2201548
300,"P.O. Box 540, Waterville Valley, New Hampshire",Waterville Valley,43.9500695,-71.4995204
301,"Box 146, Welch, Minnesota",Welch Village,44.5683003,-92.7385321
302,"59 West Mountain Rd., Glen Falls, New York",West Mountain,43.2857666,-73.7240681
303,"Enfield, Enfiled, New Hampshire",Whalebk,43.6406274,-72.1439764
304,"P.O. Box 3030, White Pass, Washington",White Pass,46.63872569999999,-121.3895281
305,"P.O. Box 1420, Pinedale, Wyoming",White Pine,42.8678809,-109.8633501
306,"9106 W County Road E, Upson, Wisconsin",Whitecap Mountain,45.8754681,-91.3902363
307,"Whiteface Mountain Route 86, Wilngton, New York",Whiteface Mountain,44.296586,-74.004018
308,"P.O. Box 1400, Whitefish, Montana",Whitefish Mountain,48.4106373,-114.3352652
309,"13805 Blairs Valley Rd., Mercersburg, Pennsylvania",Whitetail,39.7418218,-77.9330813
310,"499 Mountain Road, Princeton, Masshusetts",Whusett,42.5029455,-71.8862596
311,"P.O. Box 235, Taylors Falls, Minnesota",Wild Mountain Ski Snowboard Area,45.4019062,-92.65242920000001
312,"P.O. Box R, Jackson, New Hampshire",Wildcat Mountain,44.1462613,-71.1850996
313,"PO Box 5550, Eugene, Oregon",Willamette Pass,44.0520691,-123.0867536
314,"PO Box 65, Greenwich, New York",Willard Mountain,40.70712899999999,-74.0136953
315,"P.O. Box 427, Wilmot, Wisconsin",Wilmot Mountain,42.5130426,-88.1825133
316,"P.O. Box 459, Windham, New York",Windham Mountain,42.3073065,-74.2520875
317,"P.O. Box 36, Winter Park, Colorado",Winter Park,39.8916537,-105.7630624
318,"PO Box 706, Wintergreen, Virginia",Wintergreen,37.8848619,-78.89946719999999
319,"PO Box 1, Flat Top, West Virginia",Winterplace Ski,37.5895616,-81.1067614
320,"296 Marsh Hill Road, McHenry, Maryland",Wisp,39.5567451,-79.36270379999999
321,"P.O. Box 2800, Pagosa Springs, Colorado",Wolf Creek,37.26945,-107.0097617
322,"578 Valey View Circle, Mars Hill, North Carolina",Wolf Ridge Ski,35.954704,-82.5088164
323,"785 Washington Road, Woodbury, Connecticut",Woodbury,41.5905987,-73.255375
324,"Box 215, Westernville, New York",Woods Valley,43.3056251,-75.38295029999999
325,"Box 41, Slocum, Rhode Island",Yawgoo Valley,41.5328737,-71.5147291
326,"9001 Village Dr., Yosete, California",Badger Pass,37.7475951,-119.5841365
327,"P.O. Box 1000, Bend, Oregon",Mt. Bachelor,44.0581728,-121.3153096
328,"L La Belle, Michigan, Michigan",Mt. Bohemia,47.3754866,-88.01118
329,"P.O. Box 339, Shawnee on Delaware, Pennsylvania",Shawnee Mountain,41.0123174,-75.1107332
330,"499 Mountain Road, Princeton, Masshusetts",Wachusett Mountain,42.5029455,-71.8862596
331,"P.O. Box 396, Londonderry, Vermont",Magic Mountain,43.2264643,-72.8064866
